﻿{"cameraMode":{"drawMode":0,"name":"Shaded","section":"Shading Mode"},"sceneLighting":true,"audioPlay":false,"sceneViewState":{"showFog":false,"showMaterialUpdate":false,"showSkybox":true,"showFlares":false,"showImageEffects":false,"showParticleSystems":true},"in2DMode":false,"pivot":{"x":-106.52880096435547,"y":-21.779151916503908,"z":-87.65888977050781},"rotation":{"x":-0.10519631952047348,"y":0.8773908615112305,"z":-0.22479142248630525,"w":-0.4105948805809021},"size":270.3524475097656,"orthographic":false}